"region","weight"
"Arteries",0.472727272727273
"Capillaries",0.433333333333333
"Parenchyma",0.533333333333333
